z,Vs,Vp,rho
10,400,445,1.43872
10,400,445,1.43872
10,400,445,1.43872
10,400,445,1.43872
10,400,445,1.43872
10,400,445,1.43872
10,400,445,1.43872
10,400,445,1.43872
10,400,445,1.43872
10,400,445,1.43872
10,400,445,1.43872
10,400,445,1.43872
10,400,445,1.43872
10,400,445,1.43872
10,400,445,1.43872
