z,Vs,Vp,rho
10,800,889,1.61636
10,800,889,1.61636
10,800,889,1.61636
10,800,889,1.61636
10,800,889,1.61636
10,800,889,1.61636
10,800,889,1.61636
10,800,889,1.61636
10,800,889,1.61636
10,800,889,1.61636
10,800,889,1.61636
10,800,889,1.61636
10,800,889,1.61636
10,800,889,1.61636
10,800,889,1.61636
